amino_acid,hphobic_ph7,hphobic_ph2,pKx,weight,charge_ph7,charge_ph5
A,41,47,NA,71.08,0,0
C,49,52,8.18,103.15,0,0
D,-55,-18,3.68,115.09,-1,-1
E,-31,8,4.25,129.12,-1,-1
F,100,92,NA,147.18,0,0
G,0,0,NA,57.05,0,0
H,8,-42,6,137.14,0,1
I,99,100,NA,113.16,0,0
K,-23,-37,10.53,128.18,1,1
L,97,100,NA,113.16,0,0
M,74,74,NA,131.2,0,0
N,-28,-41,NA,114.11,0,0
P,-46,-46,NA,97.12,0,0
Q,-10,-18,NA,128.13,0,0
R,-14,-26,12.48,156.19,1,1
S,-5,-7,NA,87.08,0,0
T,13,13,NA,101.11,0,0
V,76,79,NA,99.13,0,0
W,97,84,NA,186.22,0,0
Y,63,49,10.07,163.18,0,0
